Metric,Value
MSE,0.004159322532200333
SSIM,0.9922949857777895
max_shift_pixels,0.0023939245009330433
