metric,before,after
mean,-0.001075216077348006,-9.937660640001401e-19
std,0.24295156409699084,0.2423498724315583
cv,-22595.6037316913,-2.438701432971494e+19
