Method,Mean,Std,CV
phase,29.499562916960528,1.2749595982825754,4.321960979121992
CoV,33.34594537018622,1.5390253219090566,4.615329704477537
CP,34.4663731631289,1.656059907970876,4.804856896699765
SAReff,33.07486059331695,1.6682218840296252,5.043776010250829
patient,18.04937836331483,0.9181924515570759,5.087113988497755
volume,17.939433763408097,1.0093979700489841,5.626699166547277
target,22.8189597470551,1.4316549405848535,6.273971103216551
